config,label,run_num,target_flops,params_m,train_loss,val_loss,iter,tflops_consumed
/global/u2/s/shas1693/codes/ptycho-vit/configs/e192_d6.yaml,ns-e192-d6,ns-e192-d6,6e+17,3.44434,0.01904386840760708,0.010495586320757866,122009,600004.1472735314
/global/u2/s/shas1693/codes/ptycho-vit/configs/e192_d6.yaml,ns-e192-d6,ns-e192-d6,1e+18,3.44434,0.010048933327198029,0.009748298674821854,203347,1000000.3551838866
/global/u2/s/shas1693/codes/ptycho-vit/configs/e256_d8.yaml,ns-e256-d8,ns-e256-d8,6e+17,7.65114,0.024368079379200935,0.01069584395736456,60434,600002.0207614034
/global/u2/s/shas1693/codes/ptycho-vit/configs/e256_d8.yaml,ns-e256-d8,ns-e256-d8,1e+18,7.65114,0.010208956897258759,0.009903397411108017,100723,1000000.058529153
/global/u2/s/shas1693/codes/ptycho-vit/configs/e256_d8.yaml,ns-e256-d8,ns-e256-d8,3e+18,7.65114,0.00913205649703741,0.00882953405380249,302169,3000000.175587459
/global/u2/s/shas1693/codes/ptycho-vit/configs/e384_d8.yaml,ns-e384-d8,ns-e384-d8,6e+17,17.09386,0.026261616498231888,0.012156009674072266,27831,600012.9476615208
/global/u2/s/shas1693/codes/ptycho-vit/configs/e384_d8.yaml,ns-e384-d8,ns-e384-d8,1e+18,17.09386,0.01150018721818924,0.010914900340139866,46384,1000000.0202771004
/global/u2/s/shas1693/codes/ptycho-vit/configs/e384_d8.yaml,ns-e384-d8,ns-e384-d8,3e+18,17.09386,0.00969505775719881,0.0091940276324749,139152,3000000.060831301
/global/u2/s/shas1693/codes/ptycho-vit/configs/e384_d8.yaml,ns-e384-d8,ns-e384-d8,6e+18,17.09386,0.008808426558971405,0.008741538971662521,278304,6000000.121662602
/global/u2/s/shas1693/codes/ptycho-vit/configs/e384_d8.yaml,ns-e384-d8,ns-e384-d8,1e+19,17.09386,0.008275240659713745,0.008321752771735191,463840,10000000.202771004
/global/u2/s/shas1693/codes/ptycho-vit/configs/e512_d8.yaml,ns-e512-d8,ns-e512-d8,6e+17,30.281347999999998,0.03444091975688934,0.014317251741886139,15943,600021.0088789279
/global/u2/s/shas1693/codes/ptycho-vit/configs/e512_d8.yaml,ns-e512-d8,ns-e512-d8,1e+18,30.281347999999998,0.012836323119699955,0.011505816131830215,26571,1000009.9245387942
/global/u2/s/shas1693/codes/ptycho-vit/configs/e512_d8.yaml,ns-e512-d8,ns-e512-d8,3e+18,30.281347999999998,0.009918106719851494,0.009282439015805721,79713,3000029.7736163824
/global/u2/s/shas1693/codes/ptycho-vit/configs/e512_d8.yaml,ns-e512-d8,ns-e512-d8,6e+18,30.281347999999998,0.008839045651257038,0.00876974780112505,159425,6000021.911843636
/global/u2/s/shas1693/codes/ptycho-vit/configs/e512_d8.yaml,ns-e512-d8,ns-e512-d8,1e+19,30.281347999999998,0.008284421637654305,0.008391663432121277,265708,10000023.974609684
/global/u2/s/shas1693/codes/ptycho-vit/configs/e512_d12.yaml,ns-e512-d12,ns-e512-d12,6e+17,42.890884,0.04069965332746506,0.016290996223688126,12393,600039.7640615855
/global/u2/s/shas1693/codes/ptycho-vit/configs/e512_d12.yaml,ns-e512-d12,ns-e512-d12,1e+18,42.890884,0.014600010588765144,0.012889240868389606,20654,1000017.8557998859
/global/u2/s/shas1693/codes/ptycho-vit/configs/e512_d12.yaml,ns-e512-d12,ns-e512-d12,3e+18,42.890884,0.010451069101691246,0.009270403534173965,61961,3000005.1497635683
/global/u2/s/shas1693/codes/ptycho-vit/configs/e512_d12.yaml,ns-e512-d12,ns-e512-d12,6e+18,42.890884,0.008801843971014023,0.008622323162853718,123922,6000010.299527137
/global/u2/s/shas1693/codes/ptycho-vit/configs/e512_d12.yaml,ns-e512-d12,ns-e512-d12,1e+19,42.890884,0.008214732632040977,0.008361229673027992,206537,10000033.305090591
/global/u2/s/shas1693/codes/ptycho-vit/configs/e640_d12.yaml,ns-e640-d12,ns-e640-d12,6e+17,66.907684,0.044758737087249756,0.017086122184991837,8030,600058.5792395675
/global/u2/s/shas1693/codes/ptycho-vit/configs/e640_d12.yaml,ns-e640-d12,ns-e640-d12,1e+18,66.907684,0.015065111219882965,0.01355186477303505,13383,1000072.7230340138
/global/u2/s/shas1693/codes/ptycho-vit/configs/e640_d12.yaml,ns-e640-d12,ns-e640-d12,3e+18,66.907684,0.011016905307769775,0.009762289002537727,40147,3000068.71491045
/global/u2/s/shas1693/codes/ptycho-vit/configs/e640_d12.yaml,ns-e640-d12,ns-e640-d12,6e+18,66.907684,0.00917954370379448,0.009210431016981602,80293,6000062.702725105
/global/u2/s/shas1693/codes/ptycho-vit/configs/e640_d12.yaml,ns-e640-d12,ns-e640-d12,1e+19,66.907684,0.008471510373055935,0.008597196079790592,133821,10000054.686477976
/global/u2/s/shas1693/codes/ptycho-vit/configs/e768_d12.yaml,ns-e768-d12,ns-e768-d12,6e+17,96.242116,0.04926520213484764,0.020798273384571075,5623,600079.7968477716
/global/u2/s/shas1693/codes/ptycho-vit/configs/e768_d12.yaml,ns-e768-d12,ns-e768-d12,1e+18,96.242116,0.017391705885529518,0.014709141105413437,9371,1000061.8488814633
/global/u2/s/shas1693/codes/ptycho-vit/configs/e768_d12.yaml,ns-e768-d12,ns-e768-d12,3e+18,96.242116,0.011303412728011608,0.009737798944115639,28112,3000078.8278471557
/global/u2/s/shas1693/codes/ptycho-vit/configs/e768_d12.yaml,ns-e768-d12,ns-e768-d12,6e+18,96.242116,0.009224842302501202,0.009011134505271912,56223,6000050.9368970785
/global/u2/s/shas1693/codes/ptycho-vit/configs/e768_d12.yaml,ns-e768-d12,ns-e768-d12,1e+19,96.242116,0.008512640371918678,0.008968722075223923,93705,10000084.894828463
/global/u2/s/shas1693/codes/ptycho-vit/configs/e768_d16.yaml,ns-e768-d16,ns-e768-d16,6e+17,124.593604,0.06770172715187073,0.027406439185142517,4605,600095.3767074202
/global/u2/s/shas1693/codes/ptycho-vit/configs/e768_d16.yaml,ns-e768-d16,ns-e768-d16,1e+18,124.593604,0.022967642173171043,0.018589448183774948,7674,1000028.6473078702
/global/u2/s/shas1693/codes/ptycho-vit/configs/e768_d16.yaml,ns-e768-d16,ns-e768-d16,3e+18,124.593604,0.013042813166975975,0.01026120875030756,23022,3000085.941923611
/global/u2/s/shas1693/codes/ptycho-vit/configs/e768_d16.yaml,ns-e768-d16,ns-e768-d16,6e+18,124.593604,0.00967069249600172,0.009347444400191307,46043,6000041.569976058
/global/u2/s/shas1693/codes/ptycho-vit/configs/e768_d16.yaml,ns-e768-d16,ns-e768-d16,1e+19,124.593604,0.008786027319729328,0.00870545394718647,76738,10000025.845336376
/global/u2/s/shas1693/codes/ptycho-vit/configs/e1024_d12.yaml,ns-e1024-d12,ns-e1024-d12,6e+17,170.863876,0.0689471960067749,0.02798132412135601,3196,600045.5652873339
/global/u2/s/shas1693/codes/ptycho-vit/configs/e1024_d12.yaml,ns-e1024-d12,ns-e1024-d12,1e+18,170.863876,0.02447173371911049,0.02108803391456604,5327,1000138.5251206595
/global/u2/s/shas1693/codes/ptycho-vit/configs/e1024_d12.yaml,ns-e1024-d12,ns-e1024-d12,3e+18,170.863876,0.014968035742640495,0.011975714936852455,15979,3000040.077511361
/global/u2/s/shas1693/codes/ptycho-vit/configs/e1024_d12.yaml,ns-e1024-d12,ns-e1024-d12,6e+18,170.863876,0.010791990906000137,0.010091051459312439,31958,6000080.155022722
/global/u2/s/shas1693/codes/ptycho-vit/configs/e1024_d12.yaml,ns-e1024-d12,ns-e1024-d12,1e+19,170.863876,0.009271426126360893,0.009277581237256527,53263,10000071.008729434
/global/u2/s/shas1693/codes/ptycho-vit/configs/e1024_d16.yaml,ns-e1024-d16,ns-e1024-d16,6e+17,221.248772,0.06609463691711426,0.030160436406731606,2619,600025.0221232129
/global/u2/s/shas1693/codes/ptycho-vit/configs/e1024_d16.yaml,ns-e1024-d16,ns-e1024-d16,1e+18,221.248772,0.02510416880249977,0.021036792546510696,4365,1000041.7035386881
/global/u2/s/shas1693/codes/ptycho-vit/configs/e1024_d16.yaml,ns-e1024-d16,ns-e1024-d16,3e+18,221.248772,0.014614339917898178,0.011330902576446533,13095,3000125.1106160646
/global/u2/s/shas1693/codes/ptycho-vit/configs/e1024_d16.yaml,ns-e1024-d16,ns-e1024-d16,6e+18,221.248772,0.010228408500552177,0.009667720645666122,26189,6000021.116603597
/global/u2/s/shas1693/codes/ptycho-vit/configs/e1024_d16.yaml,ns-e1024-d16,ns-e1024-d16,1e+19,221.248772,0.00895601324737072,0.008856300264596939,43649,10000187.93075835
/global/u2/s/shas1693/codes/ptycho-vit/configs/e1024_d24.yaml,ns-e1024-d24,ns-e1024-d24,6e+17,322.01856399999997,0.07854022085666656,0.04177607595920563,1925,600245.8673283074
/global/u2/s/shas1693/codes/ptycho-vit/configs/e1024_d24.yaml,ns-e1024-d24,ns-e1024-d24,1e+18,322.01856399999997,0.03230481222271919,0.02501412108540535,3208,1000305.840202187
/global/u2/s/shas1693/codes/ptycho-vit/configs/e1024_d24.yaml,ns-e1024-d24,ns-e1024-d24,3e+18,322.01856399999997,0.01840018853545189,0.014065633527934551,9622,3000293.8885366092
/global/u2/s/shas1693/codes/ptycho-vit/configs/e1024_d24.yaml,ns-e1024-d24,ns-e1024-d24,6e+18,322.01856399999997,0.011517297476530075,0.01017533615231514,19243,6000275.961038243
/global/u2/s/shas1693/codes/ptycho-vit/configs/e1024_d24.yaml,ns-e1024-d24,ns-e1024-d24,1e+19,322.01856399999997,0.009447658434510231,0.009478289633989334,32071,10000252.057707088
/global/u2/s/shas1693/codes/ptycho-vit/configs/e1536_d16.yaml,ns-e1536-d16,ns-e1536-d16,6e+17,497.24505999999997,0.09027045965194702,0.0729546919465065,1178,600445.9793169777
/global/u2/s/shas1693/codes/ptycho-vit/configs/e1536_d16.yaml,ns-e1536-d16,ns-e1536-d16,1e+18,497.24505999999997,0.04907453805208206,0.035666387528181076,1962,1000063.6769269186
/global/u2/s/shas1693/codes/ptycho-vit/configs/e1536_d16.yaml,ns-e1536-d16,ns-e1536-d16,3e+18,497.24505999999997,0.02226986363530159,0.015055323019623756,5886,3000191.030780756
/global/u2/s/shas1693/codes/ptycho-vit/configs/e1536_d16.yaml,ns-e1536-d16,ns-e1536-d16,6e+18,497.24505999999997,0.011936125345528126,0.010334094986319542,11772,6000382.061561512
/global/u2/s/shas1693/codes/ptycho-vit/configs/e1536_d16.yaml,ns-e1536-d16,ns-e1536-d16,1e+19,497.24505999999997,0.009402398951351643,0.009158175438642502,19619,10000127.052818153
/global/u2/s/shas1693/codes/ptycho-vit/configs/e1536_d24.yaml,ns-e1536-d24,ns-e1536-d24,6e+17,723.89722,0.10000242292881012,0.07677359133958817,866,600274.1253274337
/global/u2/s/shas1693/codes/ptycho-vit/configs/e1536_d24.yaml,ns-e1536-d24,ns-e1536-d24,1e+18,723.89722,0.06868043541908264,0.05012917518615723,1443,1000225.8231495229
/global/u2/s/shas1693/codes/ptycho-vit/configs/e1536_d24.yaml,ns-e1536-d24,ns-e1536-d24,3e+18,723.89722,0.037030283361673355,0.021315494552254677,4329,3000677.4694485683
/global/u2/s/shas1693/codes/ptycho-vit/configs/e1536_d24.yaml,ns-e1536-d24,ns-e1536-d24,6e+18,723.89722,0.017252059653401375,0.013226931914687157,8657,6000661.781708537
/global/u2/s/shas1693/codes/ptycho-vit/configs/e1536_d24.yaml,ns-e1536-d24,ns-e1536-d24,1e+19,723.89722,0.010363742709159851,0.009905291721224785,14427,10000178.759929428
